<?xml version="1.0" encoding="UTF-8"?>
<GenRun Id="impl_1" LaunchPart="xc7a12ticsg325-1L" LaunchTime="1678868188">
  <File Type="PA-TCL" Name="full_adder_4bit.tcl"/>
  <File Type="REPORTS-TCL" Name="full_adder_4bit_reports.tcl"/>
  <File Type="BITSTR-MSK" Name="full_adder_4bit.msk"/>
  <File Type="RDI-RDI" Name="full_adder_4bit.vdi"/>
  <File Type="BG-BIT" Name="full_adder_4bit.bit"/>
  <File Type="BG-DRC" Name="full_adder_4bit.drc"/>
  <File Type="BG-BGN" Name="full_adder_4bit.bgn"/>
  <File Type="BG-BIN" Name="full_adder_4bit.bin"/>
  <File Type="BITSTR-RBT" Name="full_adder_4bit.rbt"/>
  <File Type="BITSTR-NKY" Name="full_adder_4bit.nky"/>
  <File Type="BITSTR-BMM" Name="full_adder_4bit_bd.bmm"/>
  <File Type="BITSTR-MMI" Name="full_adder_4bit.mmi"/>
  <File Type="BITSTR-SYSDEF" Name="full_adder_4bit.sysdef"/>
  <File Type="BITSTR-LTX" Name="full_adder_4bit.ltx"/>
  <File Type="WBT-USG" Name="usage_statistics_webtalk.html"/>
  <File Type="OPT-HWDEF" Name="full_adder_4bit.hwdef"/>
  <File Type="PLACE-PRE-SIMILARITY" Name="full_adder_4bit_incremental_reuse_pre_placed.rpt"/>
  <File Type="ROUTE-DCP" Name="full_adder_4bit_routed.dcp"/>
  <File Type="ROUTE-ERROR-DCP" Name="full_adder_4bit_routed_error.dcp"/>
  <File Type="ROUTE-BLACKBOX-DCP" Name="full_adder_4bit_routed_bb.dcp"/>
  <File Type="ROUTE-TIMING-PB" Name="full_adder_4bit_timing_summary_routed.pb"/>
  <File Type="OPT-DCP" Name="full_adder_4bit_opt.dcp"/>
  <File Type="PLACE-DCP" Name="full_adder_4bit_placed.dcp"/>
  <File Type="PWROPT-DCP" Name="full_adder_4bit_pwropt.dcp"/>
  <File Type="POSTPLACE-PWROPT-DCP" Name="full_adder_4bit_postplace_pwropt.dcp"/>
  <File Type="PHYSOPT-DCP" Name="full_adder_4bit_physopt.dcp"/>
  <File Type="POSTROUTE-PHYSOPT-DCP" Name="full_adder_4bit_postroute_physopt.dcp"/>
  <File Type="POSTROUTE-PHYSOPT-BLACKBOX-DCP" Name="full_adder_4bit_postroute_physopt_bb.dcp"/>
  <FileSet Name="sources" Type="DesignSrcs" RelSrcDir="$PSRCDIR/sources_1">
    <Filter Type="Srcs"/>
    <File Path="$PSRCDIR/sources_1/new/half_adder_gate1.v">
      <FileInfo>
        <Attr Name="UsedIn" Val="synthesis"/>
        <Attr Name="UsedIn" Val="implementation"/>
        <Attr Name="UsedIn" Val="simulation"/>
      </FileInfo>
    </File>
    <File Path="$PSRCDIR/sources_1/new/test1.v">
      <FileInfo>
        <Attr Name="UsedIn" Val="synthesis"/>
        <Attr Name="UsedIn" Val="implementation"/>
        <Attr Name="UsedIn" Val="simulation"/>
      </FileInfo>
    </File>
    <File Path="$PSRCDIR/sources_1/new/half_adder_gate3.v">
      <FileInfo>
        <Attr Name="UsedIn" Val="synthesis"/>
        <Attr Name="UsedIn" Val="implementation"/>
        <Attr Name="UsedIn" Val="simulation"/>
      </FileInfo>
    </File>
    <File Path="$PSRCDIR/sources_1/new/full_adder_using_half_adder_gate1.v">
      <FileInfo>
        <Attr Name="UsedIn" Val="synthesis"/>
        <Attr Name="UsedIn" Val="implementation"/>
        <Attr Name="UsedIn" Val="simulation"/>
      </FileInfo>
    </File>
    <File Path="$PSRCDIR/sources_1/new/full_adder_4bit.v">
      <FileInfo>
        <Attr Name="UsedIn" Val="synthesis"/>
        <Attr Name="UsedIn" Val="implementation"/>
        <Attr Name="UsedIn" Val="simulation"/>
      </FileInfo>
    </File>
    <File Path="$PSRCDIR/sources_1/new/mux_2x1.v">
      <FileInfo>
        <Attr Name="UsedIn" Val="synthesis"/>
        <Attr Name="UsedIn" Val="implementation"/>
        <Attr Name="UsedIn" Val="simulation"/>
      </FileInfo>
    </File>
    <File Path="$PSRCDIR/sources_1/new/half_adder_using_case_statement_gate2.v">
      <FileInfo>
        <Attr Name="UsedIn" Val="synthesis"/>
        <Attr Name="UsedIn" Val="implementation"/>
        <Attr Name="UsedIn" Val="simulation"/>
      </FileInfo>
    </File>
    <File Path="$PSRCDIR/sources_1/new/multiply_by_2.v">
      <FileInfo>
        <Attr Name="UsedIn" Val="synthesis"/>
        <Attr Name="UsedIn" Val="implementation"/>
        <Attr Name="UsedIn" Val="simulation"/>
      </FileInfo>
    </File>
    <File Path="$PSRCDIR/sources_1/new/full_adder_using_if_statement.v">
      <FileInfo>
        <Attr Name="UsedIn" Val="synthesis"/>
        <Attr Name="UsedIn" Val="implementation"/>
        <Attr Name="UsedIn" Val="simulation"/>
      </FileInfo>
    </File>
    <File Path="$PSRCDIR/sources_1/new/full_adder_using_case_statement.v">
      <FileInfo>
        <Attr Name="UsedIn" Val="synthesis"/>
        <Attr Name="UsedIn" Val="implementation"/>
        <Attr Name="UsedIn" Val="simulation"/>
      </FileInfo>
    </File>
    <File Path="$PSRCDIR/sources_1/new/full_adder_using_gates_1.v">
      <FileInfo>
        <Attr Name="UsedIn" Val="synthesis"/>
        <Attr Name="UsedIn" Val="implementation"/>
        <Attr Name="UsedIn" Val="simulation"/>
      </FileInfo>
    </File>
    <Config>
      <Option Name="DesignMode" Val="RTL"/>
      <Option Name="TopModule" Val="full_adder_4bit"/>
    </Config>
  </FileSet>
  <FileSet Name="constrs_in" Type="Constrs" RelSrcDir="$PSRCDIR/constrs_1">
    <Filter Type="Constrs"/>
    <Config>
      <Option Name="ConstrsType" Val="XDC"/>
    </Config>
  </FileSet>
  <Strategy Version="1" Minor="2">
    <StratHandle Name="Vivado Implementation Defaults" Flow="Vivado Implementation 2018"/>
    <Step Id="init_design"/>
    <Step Id="opt_design"/>
    <Step Id="power_opt_design"/>
    <Step Id="place_design"/>
    <Step Id="post_place_power_opt_design"/>
    <Step Id="phys_opt_design"/>
    <Step Id="route_design"/>
    <Step Id="post_route_phys_opt_design"/>
    <Step Id="write_bitstream"/>
    <Step Id="write_device_image"/>
  </Strategy>
</GenRun>
